slack	start_clock	end_clock	startpoint	endpoint
-0.530	rxoutclk_out[0]	rxoutclk_out[0]	u_cmac_qsfp0/u_cmac/inst/i_t510_cmac_usplus_0_rx_64bit_sync_serdes_data3/data_out_reg[59]/C	u_cmac_qsfp0/u_cmac/inst/i_t510_cmac_usplus_0_top/obsibdaaf4ker2wujpra0sjb/RX_SERDES_DATA3[59]
-0.526	rxoutclk_out[0]	rxoutclk_out[0]	u_cmac_qsfp0/u_cmac/inst/i_t510_cmac_usplus_0_rx_64bit_sync_serdes_data3/data_out_reg[39]/C	u_cmac_qsfp0/u_cmac/inst/i_t510_cmac_usplus_0_top/obsibdaaf4ker2wujpra0sjb/RX_SERDES_DATA3[39]
-0.522	rxoutclk_out[0]	rxoutclk_out[0]	u_cmac_qsfp0/u_cmac/inst/i_t510_cmac_usplus_0_rx_64bit_sync_serdes_data3/data_out_reg[60]/C	u_cmac_qsfp0/u_cmac/inst/i_t510_cmac_usplus_0_top/obsibdaaf4ker2wujpra0sjb/RX_SERDES_DATA3[60]
-0.520	rxoutclk_out[0]	rxoutclk_out[0]	u_cmac_qsfp0/u_cmac/inst/i_t510_cmac_usplus_0_rx_64bit_sync_serdes_data3/data_out_reg[53]/C	u_cmac_qsfp0/u_cmac/inst/i_t510_cmac_usplus_0_top/obsibdaaf4ker2wujpra0sjb/RX_SERDES_DATA3[53]
-0.519	rxoutclk_out[0]	rxoutclk_out[0]	u_cmac_qsfp0/u_cmac/inst/i_t510_cmac_usplus_0_rx_64bit_sync_serdes_data3/data_out_reg[45]/C	u_cmac_qsfp0/u_cmac/inst/i_t510_cmac_usplus_0_top/obsibdaaf4ker2wujpra0sjb/RX_SERDES_DATA3[45]
-0.519	rxoutclk_out[0]	rxoutclk_out[0]	u_cmac_qsfp0/u_cmac/inst/i_t510_cmac_usplus_0_rx_64bit_sync_serdes_data3/data_out_reg[49]/C	u_cmac_qsfp0/u_cmac/inst/i_t510_cmac_usplus_0_top/obsibdaaf4ker2wujpra0sjb/RX_SERDES_DATA3[49]
-0.518	rxoutclk_out[0]	rxoutclk_out[0]	u_cmac_qsfp0/u_cmac/inst/i_t510_cmac_usplus_0_rx_64bit_sync_serdes_data3/data_out_reg[54]/C	u_cmac_qsfp0/u_cmac/inst/i_t510_cmac_usplus_0_top/obsibdaaf4ker2wujpra0sjb/RX_SERDES_DATA3[54]
-0.516	rxoutclk_out[0]	rxoutclk_out[0]	u_cmac_qsfp0/u_cmac/inst/i_t510_cmac_usplus_0_rx_64bit_sync_serdes_data3/data_out_reg[42]/C	u_cmac_qsfp0/u_cmac/inst/i_t510_cmac_usplus_0_top/obsibdaaf4ker2wujpra0sjb/RX_SERDES_DATA3[42]
-0.515	rxoutclk_out[0]	rxoutclk_out[0]	u_cmac_qsfp0/u_cmac/inst/i_t510_cmac_usplus_0_rx_64bit_sync_serdes_data3/data_out_reg[21]/C	u_cmac_qsfp0/u_cmac/inst/i_t510_cmac_usplus_0_top/obsibdaaf4ker2wujpra0sjb/RX_SERDES_DATA3[21]
-0.515	rxoutclk_out[0]	rxoutclk_out[0]	u_cmac_qsfp0/u_cmac/inst/i_t510_cmac_usplus_0_rx_64bit_sync_serdes_data3/data_out_reg[31]/C	u_cmac_qsfp0/u_cmac/inst/i_t510_cmac_usplus_0_top/obsibdaaf4ker2wujpra0sjb/RX_SERDES_DATA3[31]
-0.514	rxoutclk_out[0]	rxoutclk_out[0]	u_cmac_qsfp0/u_cmac/inst/i_t510_cmac_usplus_0_rx_64bit_sync_serdes_data3/data_out_reg[47]/C	u_cmac_qsfp0/u_cmac/inst/i_t510_cmac_usplus_0_top/obsibdaaf4ker2wujpra0sjb/RX_SERDES_DATA3[47]
-0.513	rxoutclk_out[0]	rxoutclk_out[0]	u_cmac_qsfp0/u_cmac/inst/i_t510_cmac_usplus_0_rx_64bit_sync_serdes_data3/data_out_reg[38]/C	u_cmac_qsfp0/u_cmac/inst/i_t510_cmac_usplus_0_top/obsibdaaf4ker2wujpra0sjb/RX_SERDES_DATA3[38]
-0.512	rxoutclk_out[0]	rxoutclk_out[0]	u_cmac_qsfp0/u_cmac/inst/i_t510_cmac_usplus_0_rx_64bit_sync_serdes_data3/data_out_reg[61]/C	u_cmac_qsfp0/u_cmac/inst/i_t510_cmac_usplus_0_top/obsibdaaf4ker2wujpra0sjb/RX_SERDES_DATA3[61]
-0.511	rxoutclk_out[0]	rxoutclk_out[0]	u_cmac_qsfp0/u_cmac/inst/i_t510_cmac_usplus_0_rx_64bit_sync_serdes_data3/data_out_reg[35]/C	u_cmac_qsfp0/u_cmac/inst/i_t510_cmac_usplus_0_top/obsibdaaf4ker2wujpra0sjb/RX_SERDES_DATA3[35]
-0.511	rxoutclk_out[0]	rxoutclk_out[0]	u_cmac_qsfp0/u_cmac/inst/i_t510_cmac_usplus_0_rx_64bit_sync_serdes_data3/data_out_reg[3]/C	u_cmac_qsfp0/u_cmac/inst/i_t510_cmac_usplus_0_top/obsibdaaf4ker2wujpra0sjb/RX_SERDES_DATA3[3]
-0.509	rxoutclk_out[0]	rxoutclk_out[0]	u_cmac_qsfp0/u_cmac/inst/i_t510_cmac_usplus_0_rx_64bit_sync_serdes_data3/data_out_reg[56]/C	u_cmac_qsfp0/u_cmac/inst/i_t510_cmac_usplus_0_top/obsibdaaf4ker2wujpra0sjb/RX_SERDES_DATA3[56]
-0.509	rxoutclk_out[0]	rxoutclk_out[0]	u_cmac_qsfp0/u_cmac/inst/i_t510_cmac_usplus_0_rx_64bit_sync_serdes_data3/data_out_reg[52]/C	u_cmac_qsfp0/u_cmac/inst/i_t510_cmac_usplus_0_top/obsibdaaf4ker2wujpra0sjb/RX_SERDES_DATA3[52]
-0.508	rxoutclk_out[0]	rxoutclk_out[0]	u_cmac_qsfp0/u_cmac/inst/i_t510_cmac_usplus_0_rx_64bit_sync_serdes_data3/data_out_reg[57]/C	u_cmac_qsfp0/u_cmac/inst/i_t510_cmac_usplus_0_top/obsibdaaf4ker2wujpra0sjb/RX_SERDES_DATA3[57]
-0.507	rxoutclk_out[0]	rxoutclk_out[0]	u_cmac_qsfp0/u_cmac/inst/i_t510_cmac_usplus_0_rx_64bit_sync_serdes_data3/data_out_reg[17]/C	u_cmac_qsfp0/u_cmac/inst/i_t510_cmac_usplus_0_top/obsibdaaf4ker2wujpra0sjb/RX_SERDES_DATA3[17]
-0.507	rxoutclk_out[0]	rxoutclk_out[0]	u_cmac_qsfp0/u_cmac/inst/i_t510_cmac_usplus_0_rx_64bit_sync_serdes_data3/data_out_reg[28]/C	u_cmac_qsfp0/u_cmac/inst/i_t510_cmac_usplus_0_top/obsibdaaf4ker2wujpra0sjb/RX_SERDES_DATA3[28]
-0.505	rxoutclk_out[0]	rxoutclk_out[0]	u_cmac_qsfp0/u_cmac/inst/i_t510_cmac_usplus_0_rx_64bit_sync_serdes_data3/data_out_reg[2]/C	u_cmac_qsfp0/u_cmac/inst/i_t510_cmac_usplus_0_top/obsibdaaf4ker2wujpra0sjb/RX_SERDES_DATA3[2]
-0.505	rxoutclk_out[0]	rxoutclk_out[0]	u_cmac_qsfp0/u_cmac/inst/i_t510_cmac_usplus_0_rx_64bit_sync_serdes_data3/data_out_reg[46]/C	u_cmac_qsfp0/u_cmac/inst/i_t510_cmac_usplus_0_top/obsibdaaf4ker2wujpra0sjb/RX_SERDES_DATA3[46]
-0.504	rxoutclk_out[0]	rxoutclk_out[0]	u_cmac_qsfp0/u_cmac/inst/i_t510_cmac_usplus_0_rx_64bit_sync_serdes_data3/data_out_reg[4]/C	u_cmac_qsfp0/u_cmac/inst/i_t510_cmac_usplus_0_top/obsibdaaf4ker2wujpra0sjb/RX_SERDES_DATA3[4]
-0.504	rxoutclk_out[0]	rxoutclk_out[0]	u_cmac_qsfp0/u_cmac/inst/i_t510_cmac_usplus_0_rx_64bit_sync_serdes_data3/data_out_reg[24]/C	u_cmac_qsfp0/u_cmac/inst/i_t510_cmac_usplus_0_top/obsibdaaf4ker2wujpra0sjb/RX_SERDES_DATA3[24]
-0.504	rxoutclk_out[0]	rxoutclk_out[0]	u_cmac_qsfp0/u_cmac/inst/i_t510_cmac_usplus_0_rx_64bit_sync_serdes_data3/data_out_reg[41]/C	u_cmac_qsfp0/u_cmac/inst/i_t510_cmac_usplus_0_top/obsibdaaf4ker2wujpra0sjb/RX_SERDES_DATA3[41]
-0.504	rxoutclk_out[0]	rxoutclk_out[0]	u_cmac_qsfp0/u_cmac/inst/i_t510_cmac_usplus_0_rx_64bit_sync_serdes_data3/data_out_reg[58]/C	u_cmac_qsfp0/u_cmac/inst/i_t510_cmac_usplus_0_top/obsibdaaf4ker2wujpra0sjb/RX_SERDES_DATA3[58]
-0.503	rxoutclk_out[0]	rxoutclk_out[0]	u_cmac_qsfp0/u_cmac/inst/i_t510_cmac_usplus_0_rx_64bit_sync_serdes_data3/data_out_reg[16]/C	u_cmac_qsfp0/u_cmac/inst/i_t510_cmac_usplus_0_top/obsibdaaf4ker2wujpra0sjb/RX_SERDES_DATA3[16]
-0.503	rxoutclk_out[0]	rxoutclk_out[0]	u_cmac_qsfp0/u_cmac/inst/i_t510_cmac_usplus_0_rx_64bit_sync_serdes_data3/data_out_reg[9]/C	u_cmac_qsfp0/u_cmac/inst/i_t510_cmac_usplus_0_top/obsibdaaf4ker2wujpra0sjb/RX_SERDES_DATA3[9]
-0.502	rxoutclk_out[0]	rxoutclk_out[0]	u_cmac_qsfp0/u_cmac/inst/i_t510_cmac_usplus_0_rx_64bit_sync_serdes_data3/data_out_reg[37]/C	u_cmac_qsfp0/u_cmac/inst/i_t510_cmac_usplus_0_top/obsibdaaf4ker2wujpra0sjb/RX_SERDES_DATA3[37]
-0.501	rxoutclk_out[0]	rxoutclk_out[0]	u_cmac_qsfp0/u_cmac/inst/i_t510_cmac_usplus_0_rx_64bit_sync_serdes_data3/data_out_reg[63]/C	u_cmac_qsfp0/u_cmac/inst/i_t510_cmac_usplus_0_top/obsibdaaf4ker2wujpra0sjb/RX_SERDES_DATA3[63]
-0.500	rxoutclk_out[0]	rxoutclk_out[0]	u_cmac_qsfp0/u_cmac/inst/i_t510_cmac_usplus_0_rx_64bit_sync_serdes_data3/data_out_reg[44]/C	u_cmac_qsfp0/u_cmac/inst/i_t510_cmac_usplus_0_top/obsibdaaf4ker2wujpra0sjb/RX_SERDES_DATA3[44]
-0.500	rxoutclk_out[0]	rxoutclk_out[0]	u_cmac_qsfp0/u_cmac/inst/i_t510_cmac_usplus_0_rx_64bit_sync_serdes_data3/data_out_reg[8]/C	u_cmac_qsfp0/u_cmac/inst/i_t510_cmac_usplus_0_top/obsibdaaf4ker2wujpra0sjb/RX_SERDES_DATA3[8]
-0.499	rxoutclk_out[0]	rxoutclk_out[0]	u_cmac_qsfp0/u_cmac/inst/i_t510_cmac_usplus_0_rx_64bit_sync_serdes_data3/data_out_reg[40]/C	u_cmac_qsfp0/u_cmac/inst/i_t510_cmac_usplus_0_top/obsibdaaf4ker2wujpra0sjb/RX_SERDES_DATA3[40]
-0.497	rxoutclk_out[0]	rxoutclk_out[0]	u_cmac_qsfp0/u_cmac/inst/i_t510_cmac_usplus_0_rx_64bit_sync_serdes_data3/data_out_reg[23]/C	u_cmac_qsfp0/u_cmac/inst/i_t510_cmac_usplus_0_top/obsibdaaf4ker2wujpra0sjb/RX_SERDES_DATA3[23]
-0.497	rxoutclk_out[0]	rxoutclk_out[0]	u_cmac_qsfp0/u_cmac/inst/i_t510_cmac_usplus_0_rx_64bit_sync_serdes_data3/data_out_reg[27]/C	u_cmac_qsfp0/u_cmac/inst/i_t510_cmac_usplus_0_top/obsibdaaf4ker2wujpra0sjb/RX_SERDES_DATA3[27]
-0.496	rxoutclk_out[0]	rxoutclk_out[0]	u_cmac_qsfp0/u_cmac/inst/i_t510_cmac_usplus_0_rx_16bit_sync_alt_data3/data_out_reg[5]/C	u_cmac_qsfp0/u_cmac/inst/i_t510_cmac_usplus_0_top/obsibdaaf4ker2wujpra0sjb/RX_SERDES_ALT_DATA3[5]
-0.496	rxoutclk_out[0]	rxoutclk_out[0]	u_cmac_qsfp0/u_cmac/inst/i_t510_cmac_usplus_0_rx_64bit_sync_serdes_data3/data_out_reg[51]/C	u_cmac_qsfp0/u_cmac/inst/i_t510_cmac_usplus_0_top/obsibdaaf4ker2wujpra0sjb/RX_SERDES_DATA3[51]
-0.496	rxoutclk_out[0]	rxoutclk_out[0]	u_cmac_qsfp0/u_cmac/inst/i_t510_cmac_usplus_0_rx_64bit_sync_serdes_data3/data_out_reg[43]/C	u_cmac_qsfp0/u_cmac/inst/i_t510_cmac_usplus_0_top/obsibdaaf4ker2wujpra0sjb/RX_SERDES_DATA3[43]
-0.495	rxoutclk_out[0]	rxoutclk_out[0]	u_cmac_qsfp0/u_cmac/inst/i_t510_cmac_usplus_0_rx_64bit_sync_serdes_data3/data_out_reg[14]/C	u_cmac_qsfp0/u_cmac/inst/i_t510_cmac_usplus_0_top/obsibdaaf4ker2wujpra0sjb/RX_SERDES_DATA3[14]
-0.494	rxoutclk_out[0]	rxoutclk_out[0]	u_cmac_qsfp0/u_cmac/inst/i_t510_cmac_usplus_0_rx_64bit_sync_serdes_data3/data_out_reg[30]/C	u_cmac_qsfp0/u_cmac/inst/i_t510_cmac_usplus_0_top/obsibdaaf4ker2wujpra0sjb/RX_SERDES_DATA3[30]
-0.494	rxoutclk_out[0]	rxoutclk_out[0]	u_cmac_qsfp0/u_cmac/inst/i_t510_cmac_usplus_0_rx_64bit_sync_serdes_data3/data_out_reg[36]/C	u_cmac_qsfp0/u_cmac/inst/i_t510_cmac_usplus_0_top/obsibdaaf4ker2wujpra0sjb/RX_SERDES_DATA3[36]
-0.493	rxoutclk_out[0]	rxoutclk_out[0]	u_cmac_qsfp0/u_cmac/inst/i_t510_cmac_usplus_0_rx_16bit_sync_alt_data3/data_out_reg[15]/C	u_cmac_qsfp0/u_cmac/inst/i_t510_cmac_usplus_0_top/obsibdaaf4ker2wujpra0sjb/RX_SERDES_ALT_DATA3[15]
-0.493	rxoutclk_out[0]	rxoutclk_out[0]	u_cmac_qsfp0/u_cmac/inst/i_t510_cmac_usplus_0_rx_64bit_sync_serdes_data3/data_out_reg[10]/C	u_cmac_qsfp0/u_cmac/inst/i_t510_cmac_usplus_0_top/obsibdaaf4ker2wujpra0sjb/RX_SERDES_DATA3[10]
-0.493	rxoutclk_out[0]	rxoutclk_out[0]	u_cmac_qsfp0/u_cmac/inst/i_t510_cmac_usplus_0_rx_64bit_sync_serdes_data3/data_out_reg[55]/C	u_cmac_qsfp0/u_cmac/inst/i_t510_cmac_usplus_0_top/obsibdaaf4ker2wujpra0sjb/RX_SERDES_DATA3[55]
-0.492	rxoutclk_out[0]	rxoutclk_out[0]	u_cmac_qsfp0/u_cmac/inst/i_t510_cmac_usplus_0_rx_16bit_sync_alt_data3/data_out_reg[7]/C	u_cmac_qsfp0/u_cmac/inst/i_t510_cmac_usplus_0_top/obsibdaaf4ker2wujpra0sjb/RX_SERDES_ALT_DATA3[7]
-0.492	rxoutclk_out[0]	rxoutclk_out[0]	u_cmac_qsfp0/u_cmac/inst/i_t510_cmac_usplus_0_rx_64bit_sync_serdes_data3/data_out_reg[26]/C	u_cmac_qsfp0/u_cmac/inst/i_t510_cmac_usplus_0_top/obsibdaaf4ker2wujpra0sjb/RX_SERDES_DATA3[26]
-0.491	rxoutclk_out[0]	rxoutclk_out[0]	u_cmac_qsfp0/u_cmac/inst/i_t510_cmac_usplus_0_rx_64bit_sync_serdes_data3/data_out_reg[33]/C	u_cmac_qsfp0/u_cmac/inst/i_t510_cmac_usplus_0_top/obsibdaaf4ker2wujpra0sjb/RX_SERDES_DATA3[33]
-0.491	rxoutclk_out[0]	rxoutclk_out[0]	u_cmac_qsfp0/u_cmac/inst/i_t510_cmac_usplus_0_rx_16bit_sync_alt_data3/data_out_reg[3]/C	u_cmac_qsfp0/u_cmac/inst/i_t510_cmac_usplus_0_top/obsibdaaf4ker2wujpra0sjb/RX_SERDES_ALT_DATA3[3]
-0.490	rxoutclk_out[0]	rxoutclk_out[0]	u_cmac_qsfp0/u_cmac/inst/i_t510_cmac_usplus_0_rx_64bit_sync_serdes_data3/data_out_reg[22]/C	u_cmac_qsfp0/u_cmac/inst/i_t510_cmac_usplus_0_top/obsibdaaf4ker2wujpra0sjb/RX_SERDES_DATA3[22]
-0.489	rxoutclk_out[0]	rxoutclk_out[0]	u_cmac_qsfp0/u_cmac/inst/i_t510_cmac_usplus_0_rx_16bit_sync_alt_data3/data_out_reg[1]/C	u_cmac_qsfp0/u_cmac/inst/i_t510_cmac_usplus_0_top/obsibdaaf4ker2wujpra0sjb/RX_SERDES_ALT_DATA3[1]
-0.489	rxoutclk_out[0]	rxoutclk_out[0]	u_cmac_qsfp0/u_cmac/inst/i_t510_cmac_usplus_0_rx_16bit_sync_alt_data3/data_out_reg[2]/C	u_cmac_qsfp0/u_cmac/inst/i_t510_cmac_usplus_0_top/obsibdaaf4ker2wujpra0sjb/RX_SERDES_ALT_DATA3[2]
-0.488	rxoutclk_out[0]	rxoutclk_out[0]	u_cmac_qsfp0/u_cmac/inst/i_t510_cmac_usplus_0_rx_16bit_sync_alt_data3/data_out_reg[6]/C	u_cmac_qsfp0/u_cmac/inst/i_t510_cmac_usplus_0_top/obsibdaaf4ker2wujpra0sjb/RX_SERDES_ALT_DATA3[6]
-0.488	rxoutclk_out[0]	rxoutclk_out[0]	u_cmac_qsfp0/u_cmac/inst/i_t510_cmac_usplus_0_rx_64bit_sync_serdes_data3/data_out_reg[1]/C	u_cmac_qsfp0/u_cmac/inst/i_t510_cmac_usplus_0_top/obsibdaaf4ker2wujpra0sjb/RX_SERDES_DATA3[1]
-0.486	rxoutclk_out[0]	rxoutclk_out[0]	u_cmac_qsfp0/u_cmac/inst/i_t510_cmac_usplus_0_rx_16bit_sync_alt_data3/data_out_reg[4]/C	u_cmac_qsfp0/u_cmac/inst/i_t510_cmac_usplus_0_top/obsibdaaf4ker2wujpra0sjb/RX_SERDES_ALT_DATA3[4]
-0.486	rxoutclk_out[0]	rxoutclk_out[0]	u_cmac_qsfp0/u_cmac/inst/i_t510_cmac_usplus_0_rx_64bit_sync_serdes_data3/data_out_reg[7]/C	u_cmac_qsfp0/u_cmac/inst/i_t510_cmac_usplus_0_top/obsibdaaf4ker2wujpra0sjb/RX_SERDES_DATA3[7]
-0.485	rxoutclk_out[0]	rxoutclk_out[0]	u_cmac_qsfp0/u_cmac/inst/i_t510_cmac_usplus_0_rx_64bit_sync_serdes_data3/data_out_reg[0]/C	u_cmac_qsfp0/u_cmac/inst/i_t510_cmac_usplus_0_top/obsibdaaf4ker2wujpra0sjb/RX_SERDES_DATA3[0]
-0.485	rxoutclk_out[0]	rxoutclk_out[0]	u_cmac_qsfp0/u_cmac/inst/i_t510_cmac_usplus_0_rx_64bit_sync_serdes_data3/data_out_reg[19]/C	u_cmac_qsfp0/u_cmac/inst/i_t510_cmac_usplus_0_top/obsibdaaf4ker2wujpra0sjb/RX_SERDES_DATA3[19]
-0.484	rxoutclk_out[0]	rxoutclk_out[0]	u_cmac_qsfp0/u_cmac/inst/i_t510_cmac_usplus_0_rx_16bit_sync_alt_data3/data_out_reg[8]/C	u_cmac_qsfp0/u_cmac/inst/i_t510_cmac_usplus_0_top/obsibdaaf4ker2wujpra0sjb/RX_SERDES_ALT_DATA3[8]
-0.484	rxoutclk_out[0]	rxoutclk_out[0]	u_cmac_qsfp0/u_cmac/inst/i_t510_cmac_usplus_0_rx_64bit_sync_serdes_data3/data_out_reg[29]/C	u_cmac_qsfp0/u_cmac/inst/i_t510_cmac_usplus_0_top/obsibdaaf4ker2wujpra0sjb/RX_SERDES_DATA3[29]
-0.482	rxoutclk_out[0]	rxoutclk_out[0]	u_cmac_qsfp0/u_cmac/inst/i_t510_cmac_usplus_0_rx_64bit_sync_serdes_data3/data_out_reg[34]/C	u_cmac_qsfp0/u_cmac/inst/i_t510_cmac_usplus_0_top/obsibdaaf4ker2wujpra0sjb/RX_SERDES_DATA3[34]
-0.482	rxoutclk_out[0]	rxoutclk_out[0]	u_cmac_qsfp0/u_cmac/inst/i_t510_cmac_usplus_0_rx_64bit_sync_serdes_data3/data_out_reg[48]/C	u_cmac_qsfp0/u_cmac/inst/i_t510_cmac_usplus_0_top/obsibdaaf4ker2wujpra0sjb/RX_SERDES_DATA3[48]
-0.482	rxoutclk_out[0]	rxoutclk_out[0]	u_cmac_qsfp0/u_cmac/inst/i_t510_cmac_usplus_0_rx_64bit_sync_serdes_data3/data_out_reg[6]/C	u_cmac_qsfp0/u_cmac/inst/i_t510_cmac_usplus_0_top/obsibdaaf4ker2wujpra0sjb/RX_SERDES_DATA3[6]
-0.481	rxoutclk_out[0]	rxoutclk_out[0]	u_cmac_qsfp0/u_cmac/inst/i_t510_cmac_usplus_0_rx_64bit_sync_serdes_data3/data_out_reg[15]/C	u_cmac_qsfp0/u_cmac/inst/i_t510_cmac_usplus_0_top/obsibdaaf4ker2wujpra0sjb/RX_SERDES_DATA3[15]
-0.480	rxoutclk_out[0]	rxoutclk_out[0]	u_cmac_qsfp0/u_cmac/inst/i_t510_cmac_usplus_0_rx_64bit_sync_serdes_data3/data_out_reg[12]/C	u_cmac_qsfp0/u_cmac/inst/i_t510_cmac_usplus_0_top/obsibdaaf4ker2wujpra0sjb/RX_SERDES_DATA3[12]
-0.480	rxoutclk_out[0]	rxoutclk_out[0]	u_cmac_qsfp0/u_cmac/inst/i_t510_cmac_usplus_0_rx_64bit_sync_serdes_data3/data_out_reg[13]/C	u_cmac_qsfp0/u_cmac/inst/i_t510_cmac_usplus_0_top/obsibdaaf4ker2wujpra0sjb/RX_SERDES_DATA3[13]
-0.480	rxoutclk_out[0]	rxoutclk_out[0]	u_cmac_qsfp0/u_cmac/inst/i_t510_cmac_usplus_0_rx_64bit_sync_serdes_data3/data_out_reg[20]/C	u_cmac_qsfp0/u_cmac/inst/i_t510_cmac_usplus_0_top/obsibdaaf4ker2wujpra0sjb/RX_SERDES_DATA3[20]
-0.477	rxoutclk_out[0]	rxoutclk_out[0]	u_cmac_qsfp0/u_cmac/inst/i_t510_cmac_usplus_0_rx_64bit_sync_serdes_data3/data_out_reg[25]/C	u_cmac_qsfp0/u_cmac/inst/i_t510_cmac_usplus_0_top/obsibdaaf4ker2wujpra0sjb/RX_SERDES_DATA3[25]
-0.476	rxoutclk_out[0]	rxoutclk_out[0]	u_cmac_qsfp0/u_cmac/inst/i_t510_cmac_usplus_0_rx_64bit_sync_serdes_data3/data_out_reg[50]/C	u_cmac_qsfp0/u_cmac/inst/i_t510_cmac_usplus_0_top/obsibdaaf4ker2wujpra0sjb/RX_SERDES_DATA3[50]
-0.473	rxoutclk_out[0]	rxoutclk_out[0]	u_cmac_qsfp0/u_cmac/inst/i_t510_cmac_usplus_0_rx_64bit_sync_serdes_data3/data_out_reg[62]/C	u_cmac_qsfp0/u_cmac/inst/i_t510_cmac_usplus_0_top/obsibdaaf4ker2wujpra0sjb/RX_SERDES_DATA3[62]
-0.471	rxoutclk_out[0]	rxoutclk_out[0]	u_cmac_qsfp0/u_cmac/inst/i_t510_cmac_usplus_0_rx_16bit_sync_alt_data3/data_out_reg[11]/C	u_cmac_qsfp0/u_cmac/inst/i_t510_cmac_usplus_0_top/obsibdaaf4ker2wujpra0sjb/RX_SERDES_ALT_DATA3[11]
-0.470	rxoutclk_out[0]	rxoutclk_out[0]	u_cmac_qsfp0/u_cmac/inst/i_t510_cmac_usplus_0_rx_64bit_sync_serdes_data3/data_out_reg[11]/C	u_cmac_qsfp0/u_cmac/inst/i_t510_cmac_usplus_0_top/obsibdaaf4ker2wujpra0sjb/RX_SERDES_DATA3[11]
-0.469	rxoutclk_out[0]	rxoutclk_out[0]	u_cmac_qsfp0/u_cmac/inst/i_t510_cmac_usplus_0_rx_64bit_sync_serdes_data3/data_out_reg[5]/C	u_cmac_qsfp0/u_cmac/inst/i_t510_cmac_usplus_0_top/obsibdaaf4ker2wujpra0sjb/RX_SERDES_DATA3[5]
-0.466	rxoutclk_out[0]	rxoutclk_out[0]	u_cmac_qsfp0/u_cmac/inst/i_t510_cmac_usplus_0_rx_64bit_sync_serdes_data3/data_out_reg[32]/C	u_cmac_qsfp0/u_cmac/inst/i_t510_cmac_usplus_0_top/obsibdaaf4ker2wujpra0sjb/RX_SERDES_DATA3[32]
-0.461	rxoutclk_out[0]	rxoutclk_out[0]	u_cmac_qsfp0/u_cmac/inst/i_t510_cmac_usplus_0_rx_16bit_sync_alt_data3/data_out_reg[14]/C	u_cmac_qsfp0/u_cmac/inst/i_t510_cmac_usplus_0_top/obsibdaaf4ker2wujpra0sjb/RX_SERDES_ALT_DATA3[14]
-0.460	rxoutclk_out[0]	rxoutclk_out[0]	u_cmac_qsfp0/u_cmac/inst/i_t510_cmac_usplus_0_rx_16bit_sync_alt_data3/data_out_reg[0]/C	u_cmac_qsfp0/u_cmac/inst/i_t510_cmac_usplus_0_top/obsibdaaf4ker2wujpra0sjb/RX_SERDES_ALT_DATA3[0]
-0.458	rxoutclk_out[0]	rxoutclk_out[0]	u_cmac_qsfp0/u_cmac/inst/i_t510_cmac_usplus_0_rx_16bit_sync_alt_data3/data_out_reg[13]/C	u_cmac_qsfp0/u_cmac/inst/i_t510_cmac_usplus_0_top/obsibdaaf4ker2wujpra0sjb/RX_SERDES_ALT_DATA3[13]
-0.458	rxoutclk_out[0]	rxoutclk_out[0]	u_cmac_qsfp0/u_cmac/inst/i_t510_cmac_usplus_0_rx_16bit_sync_alt_data3/data_out_reg[9]/C	u_cmac_qsfp0/u_cmac/inst/i_t510_cmac_usplus_0_top/obsibdaaf4ker2wujpra0sjb/RX_SERDES_ALT_DATA3[9]
-0.457	rxoutclk_out[0]	rxoutclk_out[0]	u_cmac_qsfp0/u_cmac/inst/i_t510_cmac_usplus_0_rx_64bit_sync_serdes_data3/data_out_reg[18]/C	u_cmac_qsfp0/u_cmac/inst/i_t510_cmac_usplus_0_top/obsibdaaf4ker2wujpra0sjb/RX_SERDES_DATA3[18]
-0.456	rxoutclk_out[0]	rxoutclk_out[0]	u_cmac_qsfp0/u_cmac/inst/i_t510_cmac_usplus_0_rx_16bit_sync_alt_data3/data_out_reg[12]/C	u_cmac_qsfp0/u_cmac/inst/i_t510_cmac_usplus_0_top/obsibdaaf4ker2wujpra0sjb/RX_SERDES_ALT_DATA3[12]
-0.448	rxoutclk_out[0]	rxoutclk_out[0]	u_cmac_qsfp0/u_cmac/inst/i_t510_cmac_usplus_0_rx_16bit_sync_alt_data3/data_out_reg[10]/C	u_cmac_qsfp0/u_cmac/inst/i_t510_cmac_usplus_0_top/obsibdaaf4ker2wujpra0sjb/RX_SERDES_ALT_DATA3[10]
-0.433	pl_clk	clk_out1_t510_rfdc_bd_clk_wiz_0_0	u_rfdc_bd/t510_rfdc_bd_i/pl_mts_sync_clk_0/inst/pl_sys_ref_capture_reg/C	u_rfdc_bd/t510_rfdc_bd_i/usp_rf_data_converter_0/inst/i_mts_sysref_count_adc/sysref_freq_done_ff_reg/D
-0.433	pl_clk	clk_out1_t510_rfdc_bd_clk_wiz_0_0	u_rfdc_bd/t510_rfdc_bd_i/pl_mts_sync_clk_0/inst/pl_sys_ref_capture_reg/C	u_rfdc_bd/t510_rfdc_bd_i/usp_rf_data_converter_0/inst/i_rf_conv_mt_mrk_counter_adc00/mrk_cntr_started_ff_reg/D
-0.433	pl_clk	clk_out1_t510_rfdc_bd_clk_wiz_0_0	u_rfdc_bd/t510_rfdc_bd_i/pl_mts_sync_clk_0/inst/pl_sys_ref_capture_reg/C	u_rfdc_bd/t510_rfdc_bd_i/usp_rf_data_converter_0/inst/i_rf_conv_mt_mrk_counter_adc01/mrk_cntr_started_ff_reg/D
-0.433	pl_clk	clk_out1_t510_rfdc_bd_clk_wiz_0_0	u_rfdc_bd/t510_rfdc_bd_i/pl_mts_sync_clk_0/inst/pl_sys_ref_capture_reg/C	u_rfdc_bd/t510_rfdc_bd_i/usp_rf_data_converter_0/inst/i_rf_conv_mt_mrk_counter_adc02/mrk_cntr_started_ff_reg/D
-0.433	pl_clk	clk_out1_t510_rfdc_bd_clk_wiz_0_0	u_rfdc_bd/t510_rfdc_bd_i/pl_mts_sync_clk_0/inst/pl_sys_ref_capture_reg/C	u_rfdc_bd/t510_rfdc_bd_i/usp_rf_data_converter_0/inst/i_rf_conv_mt_mrk_counter_adc03/mrk_cntr_started_ff_reg/D
-0.433	pl_clk	clk_out1_t510_rfdc_bd_clk_wiz_0_0	u_rfdc_bd/t510_rfdc_bd_i/pl_mts_sync_clk_0/inst/pl_sys_ref_capture_reg/C	u_rfdc_bd/t510_rfdc_bd_i/usp_rf_data_converter_0/inst/i_rf_conv_mt_mrk_counter_adc10/mrk_cntr_started_ff_reg/D
-0.433	pl_clk	clk_out1_t510_rfdc_bd_clk_wiz_0_0	u_rfdc_bd/t510_rfdc_bd_i/pl_mts_sync_clk_0/inst/pl_sys_ref_capture_reg/C	u_rfdc_bd/t510_rfdc_bd_i/usp_rf_data_converter_0/inst/i_rf_conv_mt_mrk_counter_adc11/mrk_cntr_started_ff_reg/D
-0.433	pl_clk	clk_out1_t510_rfdc_bd_clk_wiz_0_0	u_rfdc_bd/t510_rfdc_bd_i/pl_mts_sync_clk_0/inst/pl_sys_ref_capture_reg/C	u_rfdc_bd/t510_rfdc_bd_i/usp_rf_data_converter_0/inst/i_rf_conv_mt_mrk_counter_adc12/mrk_cntr_started_ff_reg/D
-0.433	pl_clk	clk_out1_t510_rfdc_bd_clk_wiz_0_0	u_rfdc_bd/t510_rfdc_bd_i/pl_mts_sync_clk_0/inst/pl_sys_ref_capture_reg/C	u_rfdc_bd/t510_rfdc_bd_i/usp_rf_data_converter_0/inst/i_rf_conv_mt_mrk_counter_adc13/mrk_cntr_started_ff_reg/D
-0.433	pl_clk	clk_out1_t510_rfdc_bd_clk_wiz_0_0	u_rfdc_bd/t510_rfdc_bd_i/pl_mts_sync_clk_0/inst/pl_sys_ref_capture_reg/C	u_rfdc_bd/t510_rfdc_bd_i/usp_rf_data_converter_0/inst/i_rf_conv_mt_mrk_counter_adc20/mrk_cntr_started_ff_reg/D
-0.433	pl_clk	clk_out1_t510_rfdc_bd_clk_wiz_0_0	u_rfdc_bd/t510_rfdc_bd_i/pl_mts_sync_clk_0/inst/pl_sys_ref_capture_reg/C	u_rfdc_bd/t510_rfdc_bd_i/usp_rf_data_converter_0/inst/i_rf_conv_mt_mrk_counter_adc21/mrk_cntr_started_ff_reg/D
-0.433	pl_clk	clk_out1_t510_rfdc_bd_clk_wiz_0_0	u_rfdc_bd/t510_rfdc_bd_i/pl_mts_sync_clk_0/inst/pl_sys_ref_capture_reg/C	u_rfdc_bd/t510_rfdc_bd_i/usp_rf_data_converter_0/inst/i_rf_conv_mt_mrk_counter_adc22/mrk_cntr_started_ff_reg/D
-0.433	pl_clk	clk_out1_t510_rfdc_bd_clk_wiz_0_0	u_rfdc_bd/t510_rfdc_bd_i/pl_mts_sync_clk_0/inst/pl_sys_ref_capture_reg/C	u_rfdc_bd/t510_rfdc_bd_i/usp_rf_data_converter_0/inst/i_rf_conv_mt_mrk_counter_adc23/mrk_cntr_started_ff_reg/D
-0.433	pl_clk	clk_out1_t510_rfdc_bd_clk_wiz_0_0	u_rfdc_bd/t510_rfdc_bd_i/pl_mts_sync_clk_0/inst/pl_sys_ref_capture_reg/C	u_rfdc_bd/t510_rfdc_bd_i/usp_rf_data_converter_0/inst/i_rf_conv_mt_mrk_counter_adc30/mrk_cntr_started_ff_reg/D
-0.433	pl_clk	clk_out1_t510_rfdc_bd_clk_wiz_0_0	u_rfdc_bd/t510_rfdc_bd_i/pl_mts_sync_clk_0/inst/pl_sys_ref_capture_reg/C	u_rfdc_bd/t510_rfdc_bd_i/usp_rf_data_converter_0/inst/i_rf_conv_mt_mrk_counter_adc31/mrk_cntr_started_ff_reg/D
-0.433	pl_clk	clk_out1_t510_rfdc_bd_clk_wiz_0_0	u_rfdc_bd/t510_rfdc_bd_i/pl_mts_sync_clk_0/inst/pl_sys_ref_capture_reg/C	u_rfdc_bd/t510_rfdc_bd_i/usp_rf_data_converter_0/inst/i_rf_conv_mt_mrk_counter_adc32/mrk_cntr_started_ff_reg/D
-0.433	pl_clk	clk_out1_t510_rfdc_bd_clk_wiz_0_0	u_rfdc_bd/t510_rfdc_bd_i/pl_mts_sync_clk_0/inst/pl_sys_ref_capture_reg/C	u_rfdc_bd/t510_rfdc_bd_i/usp_rf_data_converter_0/inst/i_rf_conv_mt_mrk_counter_adc33/mrk_cntr_started_ff_reg/D
-0.433	pl_clk	clk_out2_t510_rfdc_bd_clk_wiz_0_0	u_rfdc_bd/t510_rfdc_bd_i/pl_mts_sync_clk_0/inst/pl_sys_ref_capture_reg/C	u_rfdc_bd/t510_rfdc_bd_i/usp_rf_data_converter_0/inst/i_mts_sysref_count_dac/sysref_freq_done_ff_reg/D
-0.424	rxoutclk_out[0]	rxoutclk_out[0]	u_cmac_qsfp0/u_cmac/inst/i_t510_cmac_usplus_0_rx_64bit_sync_serdes_data1/data_out_reg[59]/C	u_cmac_qsfp0/u_cmac/inst/i_t510_cmac_usplus_0_top/obsibdaaf4ker2wujpra0sjb/RX_SERDES_DATA1[59]
-0.424	pl_clk	clk_out1_t510_rfdc_bd_clk_wiz_0_0	u_rfdc_bd/t510_rfdc_bd_i/pl_mts_sync_clk_0/inst/pl_sys_ref_capture_reg/C	u_rfdc_bd/t510_rfdc_bd_i/usp_rf_data_converter_0/inst/i_mts_sysref_count_adc/sysref_fbrc_ff_reg/D
-0.424	pl_clk	clk_out2_t510_rfdc_bd_clk_wiz_0_0	u_rfdc_bd/t510_rfdc_bd_i/pl_mts_sync_clk_0/inst/pl_sys_ref_capture_reg/C	u_rfdc_bd/t510_rfdc_bd_i/usp_rf_data_converter_0/inst/i_mts_sysref_count_dac/sysref_fbrc_ff_reg/D
-0.424	pl_clk	clk_out2_t510_rfdc_bd_clk_wiz_0_0	u_rfdc_bd/t510_rfdc_bd_i/pl_mts_sync_clk_0/inst/pl_sys_ref_capture_reg/C	u_rfdc_bd/t510_rfdc_bd_i/usp_rf_data_converter_0/inst/sysref_dac_ff_reg/D
-0.422	rxoutclk_out[0]	rxoutclk_out[0]	u_cmac_qsfp0/u_cmac/inst/i_t510_cmac_usplus_0_rx_64bit_sync_serdes_data1/data_out_reg[60]/C	u_cmac_qsfp0/u_cmac/inst/i_t510_cmac_usplus_0_top/obsibdaaf4ker2wujpra0sjb/RX_SERDES_DATA1[60]
-0.422	pl_clk	clk_out1_t510_rfdc_bd_clk_wiz_0_0	u_rfdc_bd/t510_rfdc_bd_i/pl_mts_sync_clk_0/inst/pl_sys_ref_capture_reg/C	u_rfdc_bd/t510_rfdc_bd_i/usp_rf_data_converter_0/inst/i_mts_sysref_count_adc/sysref_freq_strt_ff_reg/D
-0.422	pl_clk	clk_out2_t510_rfdc_bd_clk_wiz_0_0	u_rfdc_bd/t510_rfdc_bd_i/pl_mts_sync_clk_0/inst/pl_sys_ref_capture_reg/C	u_rfdc_bd/t510_rfdc_bd_i/usp_rf_data_converter_0/inst/i_mts_sysref_count_dac/sysref_freq_strt_ff_reg/D
-0.421	pl_clk	clk_out1_t510_rfdc_bd_clk_wiz_0_0	u_rfdc_bd/t510_rfdc_bd_i/pl_mts_sync_clk_0/inst/pl_sys_ref_capture_reg/C	u_rfdc_bd/t510_rfdc_bd_i/usp_rf_data_converter_0/inst/i_rf_conv_mt_mrk_counter_adc00/sysref_sync_dly_ff_reg/D
-0.421	pl_clk	clk_out1_t510_rfdc_bd_clk_wiz_0_0	u_rfdc_bd/t510_rfdc_bd_i/pl_mts_sync_clk_0/inst/pl_sys_ref_capture_reg/C	u_rfdc_bd/t510_rfdc_bd_i/usp_rf_data_converter_0/inst/i_rf_conv_mt_mrk_counter_adc01/sysref_sync_dly_ff_reg/D
-0.421	pl_clk	clk_out1_t510_rfdc_bd_clk_wiz_0_0	u_rfdc_bd/t510_rfdc_bd_i/pl_mts_sync_clk_0/inst/pl_sys_ref_capture_reg/C	u_rfdc_bd/t510_rfdc_bd_i/usp_rf_data_converter_0/inst/i_rf_conv_mt_mrk_counter_adc02/sysref_sync_dly_ff_reg/D
-0.421	pl_clk	clk_out1_t510_rfdc_bd_clk_wiz_0_0	u_rfdc_bd/t510_rfdc_bd_i/pl_mts_sync_clk_0/inst/pl_sys_ref_capture_reg/C	u_rfdc_bd/t510_rfdc_bd_i/usp_rf_data_converter_0/inst/i_rf_conv_mt_mrk_counter_adc03/sysref_sync_dly_ff_reg/D
-0.421	pl_clk	clk_out1_t510_rfdc_bd_clk_wiz_0_0	u_rfdc_bd/t510_rfdc_bd_i/pl_mts_sync_clk_0/inst/pl_sys_ref_capture_reg/C	u_rfdc_bd/t510_rfdc_bd_i/usp_rf_data_converter_0/inst/i_rf_conv_mt_mrk_counter_adc10/sysref_sync_dly_ff_reg/D
-0.421	pl_clk	clk_out1_t510_rfdc_bd_clk_wiz_0_0	u_rfdc_bd/t510_rfdc_bd_i/pl_mts_sync_clk_0/inst/pl_sys_ref_capture_reg/C	u_rfdc_bd/t510_rfdc_bd_i/usp_rf_data_converter_0/inst/i_rf_conv_mt_mrk_counter_adc11/sysref_sync_dly_ff_reg/D
-0.421	pl_clk	clk_out1_t510_rfdc_bd_clk_wiz_0_0	u_rfdc_bd/t510_rfdc_bd_i/pl_mts_sync_clk_0/inst/pl_sys_ref_capture_reg/C	u_rfdc_bd/t510_rfdc_bd_i/usp_rf_data_converter_0/inst/i_rf_conv_mt_mrk_counter_adc12/sysref_sync_dly_ff_reg/D
-0.421	pl_clk	clk_out1_t510_rfdc_bd_clk_wiz_0_0	u_rfdc_bd/t510_rfdc_bd_i/pl_mts_sync_clk_0/inst/pl_sys_ref_capture_reg/C	u_rfdc_bd/t510_rfdc_bd_i/usp_rf_data_converter_0/inst/i_rf_conv_mt_mrk_counter_adc13/sysref_sync_dly_ff_reg/D
-0.421	pl_clk	clk_out1_t510_rfdc_bd_clk_wiz_0_0	u_rfdc_bd/t510_rfdc_bd_i/pl_mts_sync_clk_0/inst/pl_sys_ref_capture_reg/C	u_rfdc_bd/t510_rfdc_bd_i/usp_rf_data_converter_0/inst/i_rf_conv_mt_mrk_counter_adc20/sysref_sync_dly_ff_reg/D
-0.421	pl_clk	clk_out1_t510_rfdc_bd_clk_wiz_0_0	u_rfdc_bd/t510_rfdc_bd_i/pl_mts_sync_clk_0/inst/pl_sys_ref_capture_reg/C	u_rfdc_bd/t510_rfdc_bd_i/usp_rf_data_converter_0/inst/i_rf_conv_mt_mrk_counter_adc21/sysref_sync_dly_ff_reg/D
-0.421	pl_clk	clk_out1_t510_rfdc_bd_clk_wiz_0_0	u_rfdc_bd/t510_rfdc_bd_i/pl_mts_sync_clk_0/inst/pl_sys_ref_capture_reg/C	u_rfdc_bd/t510_rfdc_bd_i/usp_rf_data_converter_0/inst/i_rf_conv_mt_mrk_counter_adc22/sysref_sync_dly_ff_reg/D
-0.421	pl_clk	clk_out1_t510_rfdc_bd_clk_wiz_0_0	u_rfdc_bd/t510_rfdc_bd_i/pl_mts_sync_clk_0/inst/pl_sys_ref_capture_reg/C	u_rfdc_bd/t510_rfdc_bd_i/usp_rf_data_converter_0/inst/i_rf_conv_mt_mrk_counter_adc23/sysref_sync_dly_ff_reg/D
-0.421	pl_clk	clk_out1_t510_rfdc_bd_clk_wiz_0_0	u_rfdc_bd/t510_rfdc_bd_i/pl_mts_sync_clk_0/inst/pl_sys_ref_capture_reg/C	u_rfdc_bd/t510_rfdc_bd_i/usp_rf_data_converter_0/inst/i_rf_conv_mt_mrk_counter_adc30/sysref_sync_dly_ff_reg/D
-0.421	pl_clk	clk_out1_t510_rfdc_bd_clk_wiz_0_0	u_rfdc_bd/t510_rfdc_bd_i/pl_mts_sync_clk_0/inst/pl_sys_ref_capture_reg/C	u_rfdc_bd/t510_rfdc_bd_i/usp_rf_data_converter_0/inst/i_rf_conv_mt_mrk_counter_adc31/sysref_sync_dly_ff_reg/D
-0.421	pl_clk	clk_out1_t510_rfdc_bd_clk_wiz_0_0	u_rfdc_bd/t510_rfdc_bd_i/pl_mts_sync_clk_0/inst/pl_sys_ref_capture_reg/C	u_rfdc_bd/t510_rfdc_bd_i/usp_rf_data_converter_0/inst/i_rf_conv_mt_mrk_counter_adc32/sysref_sync_dly_ff_reg/D
